0,Bulbasaur,4,7,45:49:49:65:65:45,3,45,0:0:0:1:0:0,64,1
1,Ivysaur,4,7,60:62:63:80:80:60,3,45,0:0:0:1:1:0,141,2
2,Venusaur,4,7,80:82:83:100:100:80,3,45,0:0:0:2:1:0,208,3
3,Charmander,1,17,39:52:43:60:50:65,3,45,0:0:0:0:0:1,65,4
4,Charmeleon,1,17,58:64:58:80:65:80,3,45,0:0:0:1:0:1,142,5
5,Charizard,1,9,78:84:78:109:85:100,3,45,0:0:0:3:0:0,209,6
6,Squirtle,2,17,44:48:65:60:54:43,3,45,0:0:1:0:0:0,66,7
7,Wartortle,2,17,59:63:80:65:80:58,3,45,0:0:1:0:1:0,143,8
8,Blastoise,2,17,79:83:100:85:105:78,3,45,0:0:0:0:3:0,210,9
9,Caterpie,11,17,45:30:35:20:20:45,2,255,1:0:0:0:0:0,53,10
10,Metapod,11,17,50:20:55:25:25:30,2,120,0:0:2:0:0:0,72,11
11,Butterfree,11,9,60:45:50:80:80:70,2,45,0:0:0:2:1:0,160,12
12,Weedle,11,7,40:35:30:20:20:50,2,255,0:0:0:0:0:1,52,13
13,Kakuna,11,7,45:25:50:25:25:35,2,120,0:0:2:0:0:0,71,14
14,Beedrill,11,7,65:80:40:40:80:75,2,45,0:2:0:0:1:0,159,15
15,Pidgey,0,9,40:45:40:35:35:56,3,255,0:0:0:0:0:1,55,16
16,Pidgeotto,0,9,63:60:55:50:50:71,3,120,0:0:0:0:0:2,113,17
17,Pidgeot,0,9,83:80:75:70:70:91,3,45,0:0:0:0:0:3,172,18
18,Rattata,0,17,30:56:35:25:35:72,2,255,0:0:0:0:0:1,57,19
19,Raticate,0,17,55:81:60:50:70:97,2,127,0:0:0:0:0:2,116,20
20,Spearow,0,9,40:60:30:31:31:70,2,255,0:0:0:0:0:1,58,21
21,Fearow,0,9,65:90:65:61:61:100,2,90,0:0:0:0:0:2,162,22
22,Ekans,7,17,30:60:44:40:54:55,2,255,0:1:0:0:0:0,62,23
23,Arbok,7,17,60:85:69:65:79:80,2,90,0:2:0:0:0:0,147,24
24,Pikachu,3,17,35:55:30:50:40:90,2,190,0:0:0:0:0:2,82,25
25,Raichu,3,17,60:90:55:90:80:100,2,75,0:0:0:0:0:3,122,26
26,Sandshrew,8,17,50:75:85:20:30:40,2,255,0:0:1:0:0:0,93,27
27,Sandslash,8,17,75:100:110:45:55:65,2,90,0:0:2:0:0:0,163,28
28,Nidoran-F,7,17,55:47:52:40:40:41,3,235,1:0:0:0:0:0,59,29
29,Nidorina,7,17,70:62:67:55:55:56,3,120,2:0:0:0:0:0,117,30
30,Nidoqueen,7,8,90:82:87:75:85:76,3,45,3:0:0:0:0:0,194,31
31,Nidoran-M,7,17,46:57:40:40:40:50,3,235,0:1:0:0:0:0,60,32
32,Nidorino,7,17,61:72:57:55:55:65,3,120,0:2:0:0:0:0,118,33
33,Nidoking,7,8,81:92:77:85:75:85,3,45,0:3:0:0:0:0,195,34
34,Clefairy,0,17,70:45:48:60:65:35,1,150,2:0:0:0:0:0,68,35
35,Clefable,0,17,95:70:73:85:90:60,1,25,3:0:0:0:0:0,129,36
36,Vulpix,1,17,38:41:40:50:65:65,2,190,0:0:0:0:0:1,63,37
37,Ninetales,1,17,73:76:75:81:100:100,2,75,0:0:0:0:1:1,178,38
38,Jigglypuff,0,0,115:45:20:45:25:20,1,170,2:0:0:0:0:0,76,39
39,Wigglytuff,0,0,140:70:45:75:50:45,1,50,3:0:0:0:0:0,109,40
40,Zubat,7,9,40:45:35:30:40:55,2,255,0:0:0:0:0:1,54,41
41,Golbat,7,9,75:80:70:65:75:90,2,90,0:0:0:0:0:2,171,42
42,Oddish,4,7,45:50:55:75:65:30,3,255,0:0:0:1:0:0,78,43
43,Gloom,4,7,60:65:70:85:75:40,3,120,0:0:0:2:0:0,132,44
44,Vileplume,4,7,75:80:85:100:90:50,3,45,0:0:0:3:0:0,184,45
45,Paras,11,4,35:70:55:45:55:25,2,190,0:1:0:0:0:0,70,46
46,Parasect,11,4,60:95:80:60:80:30,2,75,0:2:1:0:0:0,128,47
47,Venonat,11,7,60:55:50:40:55:45,2,190,0:0:0:0:1:0,75,48
48,Venomoth,11,7,70:65:60:90:75:90,2,75,0:0:0:1:0:1,138,49
49,Diglett,8,17,10:55:25:35:45:95,2,255,0:0:0:0:0:1,81,50
50,Dugtrio,8,17,35:80:50:50:70:120,2,50,0:0:0:0:0:2,153,51
51,Meowth,0,17,40:45:35:40:40:90,2,255,0:0:0:0:0:1,69,52
52,Persian,0,17,65:70:60:65:65:115,2,90,0:0:0:0:0:2,148,53
53,Psyduck,2,17,50:52:48:65:50:55,2,190,0:0:0:1:0:0,80,54
54,Golduck,2,17,80:82:78:95:80:85,2,75,0:0:0:2:0:0,174,55
55,Mankey,6,17,40:80:35:35:45:70,2,190,0:1:0:0:0:0,74,56
56,Primeape,6,17,65:105:60:60:70:95,2,75,0:2:0:0:0:0,149,57
57,Growlithe,1,17,55:70:45:70:50:60,4,190,0:1:0:0:0:0,91,58
58,Arcanine,1,17,90:110:80:100:80:95,4,75,0:2:0:0:0:0,213,59
59,Poliwag,2,17,40:50:40:40:40:90,3,255,0:0:0:0:0:1,77,60
60,Poliwhirl,2,17,65:65:65:50:50:90,3,120,0:0:0:0:0:2,131,61
61,Poliwrath,2,6,90:85:95:70:90:70,3,45,0:0:3:0:0:0,185,62
62,Abra,10,17,25:20:15:105:55:90,3,200,0:0:0:1:0:0,75,63
63,Kadabra,10,17,40:35:30:120:70:105,3,100,0:0:0:2:0:0,145,64
64,Alakazam,10,17,55:50:45:135:85:120,3,50,0:0:0:3:0:0,186,65
65,Machop,6,17,70:80:50:35:35:35,3,180,0:1:0:0:0:0,75,66
66,Machoke,6,17,80:100:70:50:60:45,3,90,0:2:0:0:0:0,146,67
67,Machamp,6,17,90:130:80:65:85:55,3,45,0:3:0:0:0:0,193,68
68,Bellsprout,4,7,50:75:35:70:30:40,3,255,0:1:0:0:0:0,84,69
69,Weepinbell,4,7,65:90:50:85:45:55,3,120,0:2:0:0:0:0,151,70
70,Victreebel,4,7,80:105:65:100:60:70,3,45,0:3:0:0:0:0,191,71
71,Tentacool,2,7,40:40:35:50:100:70,4,190,0:0:0:0:1:0,105,72
72,Tentacruel,2,7,80:70:65:80:120:100,4,60,0:0:0:0:2:0,205,73
73,Geodude,12,8,40:80:100:30:30:20,3,255,0:0:1:0:0:0,73,74
74,Graveler,12,8,55:95:115:45:45:35,3,120,0:0:2:0:0:0,134,75
75,Golem,12,8,80:110:130:55:65:45,3,45,0:0:3:0:0:0,177,76
76,Ponyta,1,17,50:85:55:65:65:90,2,190,0:0:0:0:0:1,152,77
77,Rapidash,1,17,65:100:70:80:80:105,2,60,0:0:0:0:0:2,192,78
78,Slowpoke,2,10,90:65:65:40:40:15,2,190,1:0:0:0:0:0,99,79
79,Slowbro,2,10,95:75:110:100:80:30,2,75,0:0:2:0:0:0,164,80
80,Magnemite,3,16,25:35:70:95:55:45,2,190,0:0:0:1:0:0,89,81
81,Magneton,3,16,50:60:95:120:70:70,2,60,0:0:0:2:0:0,161,82
82,Farfetch'd,0,9,52:65:55:58:62:60,2,45,0:1:0:0:0:0,94,83
83,Doduo,0,9,35:85:45:35:35:75,2,190,0:1:0:0:0:0,96,84
84,Dodrio,0,9,60:110:70:60:60:100,2,45,0:2:0:0:0:0,158,85
85,Seel,2,17,65:45:55:45:70:45,2,190,0:0:0:0:1:0,100,86
86,Dewgong,2,5,90:70:80:70:95:70,2,75,0:0:0:0:2:0,176,87
87,Grimer,7,17,80:80:50:40:50:25,2,190,1:0:0:0:0:0,90,88
88,Muk,7,17,105:105:75:65:100:50,2,75,1:1:0:0:0:0,157,89
89,Shellder,2,17,30:65:100:45:25:40,4,190,0:0:1:0:0:0,97,90
90,Cloyster,2,5,50:90:180:85:45:70,4,60,0:0:2:0:0:0,203,91
91,Gastly,13,7,30:35:30:100:35:80,3,190,0:0:0:1:0:0,95,92
92,Haunter,13,7,45:50:45:115:55:95,3,90,0:0:0:2:0:0,126,93
93,Gengar,13,7,60:65:60:130:75:110,3,45,0:0:0:3:0:0,190,94
94,Onix,12,8,35:45:160:30:45:70,2,45,0:0:1:0:0:0,108,95
95,Drowzee,10,17,60:48:45:43:90:42,2,190,0:0:0:0:1:0,102,96
96,Hypno,10,17,85:73:70:73:115:67,2,75,0:0:0:0:2:0,165,97
97,Krabby,2,17,30:105:90:25:25:50,2,225,0:1:0:0:0:0,115,98
98,Kingler,2,17,55:130:115:50:50:75,2,60,0:2:0:0:0:0,206,99
99,Voltorb,3,17,40:30:50:55:55:100,2,190,0:0:0:0:0:1,103,100
100,Electrode,3,17,60:50:70:80:80:140,2,60,0:0:0:0:0:2,150,101
101,Exeggcute,4,10,60:40:80:60:45:40,4,90,0:0:1:0:0:0,98,102
102,Exeggutor,4,10,95:95:85:125:65:55,4,45,0:0:0:2:0:0,212,103
103,Cubone,8,17,50:50:95:40:50:35,2,190,0:0:1:0:0:0,87,104
104,Marowak,8,17,60:80:110:50:80:45,2,75,0:0:2:0:0:0,124,105
105,Hitmonlee,6,17,50:120:53:35:110:87,2,45,0:2:0:0:0:0,139,106
106,Hitmonchan,6,17,50:105:79:35:110:76,2,45,0:0:0:0:2:0,140,107
107,Lickitung,0,17,90:55:75:60:75:30,2,45,2:0:0:0:0:0,127,108
108,Koffing,7,17,40:65:95:60:45:35,2,190,0:0:1:0:0:0,114,109
109,Weezing,7,17,65:90:120:85:70:60,2,60,0:0:2:0:0:0,173,110
110,Rhyhorn,8,12,80:85:95:30:30:25,4,120,0:0:1:0:0:0,135,111
111,Rhydon,8,12,105:130:120:45:45:40,4,60,0:2:0:0:0:0,204,112
112,Chansey,0,17,250:5:5:35:105:50,1,30,2:0:0:0:0:0,255,113
113,Tangela,4,17,65:55:115:100:40:60,2,45,0:0:1:0:0:0,166,114
114,Kangaskhan,0,17,105:95:80:40:80:90,2,45,2:0:0:0:0:0,175,115
115,Horsea,2,17,30:40:70:70:25:60,2,225,0:0:0:1:0:0,83,116
116,Seadra,2,17,55:65:95:95:45:85,2,75,0:0:1:1:0:0,155,117
117,Goldeen,2,17,45:67:60:35:50:63,2,225,0:1:0:0:0:0,111,118
118,Seaking,2,17,80:92:65:65:80:68,2,60,0:2:0:0:0:0,170,119
119,Staryu,2,17,30:45:55:70:55:85,4,225,0:0:0:0:0:1,106,120
120,Starmie,2,10,60:75:85:100:85:115,4,60,0:0:0:0:0:2,207,121
121,Mr. Mime,10,0,40:45:65:100:120:90,2,45,0:0:0:0:2:0,136,122
122,Scyther,11,9,70:110:80:55:80:105,2,45,0:1:0:0:0:0,187,123
123,Jynx,5,10,65:50:35:115:95:95,2,45,0:0:0:2:0:0,137,124
124,Electabuzz,3,17,65:83:57:95:85:105,2,45,0:0:0:0:0:2,156,125
125,Magmar,1,17,65:95:57:100:85:93,2,45,0:0:0:2:0:0,167,126
126,Pinsir,11,17,65:125:100:55:70:85,4,45,0:2:0:0:0:0,200,127
127,Tauros,0,17,75:100:95:40:70:110,4,45,0:1:0:0:0:1,211,128
128,Magikarp,2,17,20:10:55:15:20:80,4,255,0:0:0:0:0:1,20,129
129,Gyarados,2,9,95:125:79:60:100:81,4,45,0:2:0:0:0:0,214,130
130,Lapras,2,5,130:85:80:85:95:60,4,45,2:0:0:0:0:0,219,131
131,Ditto,0,17,48:48:48:48:48:48,2,35,1:0:0:0:0:0,61,132
132,Eevee,0,17,55:55:50:45:65:55,2,45,0:0:0:0:1:0,92,133
133,Vaporeon,2,17,130:65:60:110:95:65,2,45,2:0:0:0:0:0,196,134
134,Jolteon,3,17,65:65:60:110:95:130,2,45,0:0:0:0:0:2,197,135
135,Flareon,1,17,65:130:60:95:110:65,2,45,0:2:0:0:0:0,198,136
136,Porygon,0,17,65:60:70:85:75:40,2,45,0:0:0:1:0:0,130,137
137,Omanyte,12,2,35:40:100:90:55:35,2,45,0:0:1:0:0:0,99,138
138,Omastar,12,2,70:60:125:115:70:55,2,45,0:0:2:0:0:0,199,139
139,Kabuto,12,2,30:80:90:55:45:55,2,45,0:0:1:0:0:0,99,140
140,Kabutops,12,2,60:115:105:65:70:80,2,45,0:2:0:0:0:0,199,141
141,Aerodactyl,12,9,80:105:65:60:75:130,4,45,0:0:0:0:0:2,202,142
142,Snorlax,0,17,160:110:65:65:110:30,4,25,2:0:0:0:0:0,154,143
143,Articuno,5,9,90:85:100:95:125:85,4,3,0:0:0:0:3:0,215,144
144,Zapdos,3,9,90:90:85:125:90:100,4,3,0:0:0:3:0:0,216,145
145,Moltres,1,9,90:100:90:125:85:90,4,3,0:0:0:3:0:0,217,146
146,Dratini,14,17,41:64:45:50:50:50,4,45,0:1:0:0:0:0,67,147
147,Dragonair,14,17,61:84:65:70:70:70,4,45,0:2:0:0:0:0,144,148
148,Dragonite,14,9,91:134:95:100:100:80,4,45,0:3:0:0:0:0,218,149
149,Mewtwo,10,17,106:110:90:154:90:130,4,3,0:0:0:3:0:0,220,150
150,Mew,10,17,100:100:100:100:100:100,3,45,3:0:0:0:0:0,64,151
151,Chikorita,4,17,45:49:65:49:65:45,3,45,0:0:0:0:1:0,64,152
152,Bayleef,4,17,60:62:80:63:80:69,3,45,0:0:1:0:1:0,141,153
153,Meganium,4,17,80:82:100:83:100:80,3,45,0:0:1:0:2:0,208,154
154,Cyndaquil,1,17,39:52:43:60:50:65,3,45,0:0:0:0:0:1,65,155
155,Quilava,1,17,58:64:58:80:65:80,3,45,0:0:0:1:0:1,142,156
156,Typhlosion,1,17,78:84:78:109:85:100,3,45,0:0:0:3:0:0,209,157
157,Totodile,2,17,50:65:64:44:48:43,3,45,0:1:0:0:0:0,66,158
158,Croconaw,2,17,65:80:80:59:63:58,3,45,0:1:1:0:0:0,143,159
159,Feraligatr,2,17,85:105:100:79:83:78,3,45,0:2:1:0:0:0,210,160
160,Sentret,0,17,35:46:34:35:45:20,2,255,0:1:0:0:0:0,57,161
161,Furret,0,17,85:76:64:45:55:90,2,90,0:0:0:0:0:2,116,162
162,Hoothoot,0,9,60:30:30:36:56:50,2,255,1:0:0:0:0:0,58,163
163,Noctowl,0,9,100:50:50:76:96:70,2,90,2:0:0:0:0:0,162,164
164,Ledyba,11,9,40:20:30:40:80:55,1,255,0:0:0:0:1:0,54,165
165,Ledian,11,9,55:35:50:55:110:85,1,90,0:0:0:0:2:0,134,166
166,Spinarak,11,7,40:60:40:40:40:30,1,255,0:1:0:0:0:0,54,167
167,Ariados,11,7,70:90:70:60:60:40,1,90,0:2:0:0:0:0,134,168
168,Crobat,7,9,85:90:80:70:80:130,2,90,0:0:0:0:0:3,204,169
169,Chinchou,2,3,75:38:38:56:56:67,4,190,1:0:0:0:0:0,90,170
170,Lanturn,2,3,125:58:58:76:76:67,4,75,2:0:0:0:0:0,156,171
171,Pichu,3,17,20:40:15:35:35:60,2,190,0:0:0:0:0:1,42,172
172,Cleffa,0,17,50:25:28:45:55:15,1,150,0:0:0:0:1:0,37,173
173,Igglybuff,0,17,90:30:15:40:20:15,1,170,1:0:0:0:0:0,39,174
174,Togepi,0,17,35:20:65:40:65:20,1,190,0:0:0:0:1:0,74,175
175,Togetic,0,9,55:40:85:80:105:40,1,75,0:0:0:0:2:0,114,176
176,Natu,10,9,40:50:45:70:45:70,2,190,0:0:0:1:0:0,73,177
177,Xatu,10,9,65:75:70:95:70:95,2,75,0:0:0:1:0:1,171,178
178,Mareep,3,17,55:40:40:65:45:35,3,235,0:0:0:1:0:0,59,179
179,Flaaffy,3,17,70:55:55:80:60:45,3,120,0:0:0:2:0:0,117,180
180,Ampharos,3,17,90:75:75:115:90:55,3,45,0:0:0:3:0:0,194,181
181,Bellossom,4,17,75:80:85:90:100:50,3,45,0:0:0:0:3:0,184,182
182,Marill,2,17,70:20:50:20:50:40,1,190,2:0:0:0:0:0,58,183
183,Azumarill,2,17,100:50:80:50:80:50,1,75,3:0:0:0:0:0,153,184
184,Sudowoodo,12,17,70:100:115:30:65:30,2,65,0:0:2:0:0:0,135,185
185,Politoed,2,17,90:75:75:90:100:70,3,45,0:0:0:0:3:0,185,186
186,Hoppip,4,9,35:35:40:35:55:50,3,255,0:0:0:0:1:0,74,187
187,Skiploom,4,9,55:45:50:45:65:80,3,120,0:0:0:0:0:2,136,188
188,Jumpluff,4,9,75:55:70:55:85:110,3,45,0:0:0:0:0:3,176,189
189,Aipom,0,17,55:70:55:40:55:85,1,45,0:0:0:0:0:1,94,190
190,Sunkern,4,17,30:30:30:30:30:30,3,235,0:0:0:1:0:0,52,191
191,Sunflora,4,17,75:75:55:105:85:30,3,120,0:0:0:2:0:0,146,192
192,Yanma,11,9,65:65:45:75:45:95,2,75,0:0:0:0:0:1,147,193
193,Wooper,2,8,55:45:45:25:25:15,2,255,1:0:0:0:0:0,52,194
194,Quagsire,2,8,95:85:85:65:65:35,2,90,2:0:0:0:0:0,137,195
195,Espeon,10,17,65:65:60:130:95:110,2,45,0:0:0:2:0:0,197,196
196,Umbreon,15,17,95:65:110:60:130:65,2,45,0:0:0:0:2:0,197,197
197,Murkrow,15,9,60:85:42:85:42:91,3,30,0:0:0:0:0:1,107,198
198,Slowking,2,10,95:75:80:100:110:30,2,70,0:0:0:0:3:0,164,199
199,Misdreavus,13,17,60:60:60:85:85:85,1,45,0:0:0:0:1:0,147,200
200,Unown,10,17,48:72:48:72:48:48,2,225,0:1:0:1:0:0,61,201
201,Wobbuffet,10,17,190:33:58:33:58:33,2,45,2:0:0:0:0:0,177,202
202,Girafarig,0,10,70:80:65:90:65:85,2,60,0:0:0:2:0:0,149,203
203,Pineco,11,17,50:65:90:35:35:15,2,190,0:0:1:0:0:0,60,204
204,Forretress,11,16,75:90:140:60:60:40,2,75,0:0:2:0:0:0,118,205
205,Dunsparce,0,17,100:70:70:65:65:45,2,190,1:0:0:0:0:0,125,206
206,Gligar,8,9,65:75:105:35:65:85,3,60,0:0:1:0:0:0,108,207
207,Steelix,16,8,75:85:200:55:65:30,2,25,0:0:2:0:0:0,196,208
208,Snubbull,0,17,60:80:50:40:40:30,1,190,0:1:0:0:0:0,63,209
209,Granbull,0,17,90:120:75:60:60:45,1,75,0:2:0:0:0:0,178,210
210,Qwilfish,2,7,65:95:75:55:55:85,2,45,0:1:0:0:0:0,100,211
211,Scizor,11,16,70:130:100:55:80:65,2,25,0:2:0:0:0:0,200,212
212,Shuckle,11,12,20:10:230:10:230:5,3,190,0:0:1:0:1:0,80,213
213,Heracross,11,6,80:125:75:40:95:85,4,45,0:2:0:0:0:0,200,214
214,Sneasel,15,5,55:95:55:35:75:115,3,60,0:0:0:0:0:1,132,215
215,Teddiursa,0,17,60:80:50:50:50:40,2,120,0:1:0:0:0:0,124,216
216,Ursaring,0,17,90:130:75:75:75:55,2,60,0:2:0:0:0:0,189,217
217,Slugma,1,17,40:40:40:70:40:20,2,190,0:0:0:1:0:0,78,218
218,Magcargo,1,12,50:50:120:80:80:30,2,75,0:0:2:0:0:0,154,219
219,Swinub,5,8,50:50:40:30:30:50,4,225,0:1:0:0:0:0,78,220
220,Piloswine,5,8,100:100:80:60:60:50,4,75,1:1:0:0:0:0,160,221
221,Corsola,2,12,55:55:85:65:85:35,1,60,0:0:1:0:1:0,113,222
222,Remoraid,2,17,35:65:35:65:35:65,2,190,0:0:0:1:0:0,78,223
223,Octillery,2,17,75:105:75:105:75:45,2,75,0:1:0:1:0:0,164,224
224,Delibird,5,9,45:55:45:65:45:75,1,45,0:0:0:0:0:1,183,225
225,Mantine,2,9,65:40:70:80:140:70,4,25,0:0:0:0:2:0,168,226
226,Skarmory,16,9,65:80:140:40:70:70,4,25,0:0:2:0:0:0,168,227
227,Houndour,15,1,45:60:30:80:50:65,4,120,0:0:0:1:0:0,114,228
228,Houndoom,15,1,75:90:50:110:80:95,4,45,0:0:0:2:0:0,204,229
229,Kingdra,2,14,75:95:95:95:95:85,2,45,0:1:0:1:1:0,207,230
230,Phanpy,8,17,90:60:60:40:40:40,2,120,1:0:0:0:0:0,124,231
231,Donphan,8,17,90:120:120:60:60:50,2,60,0:1:1:0:0:0,189,232
232,Porygon2,0,17,85:80:90:105:95:60,2,45,0:0:0:2:0:0,180,233
233,Stantler,0,17,73:95:62:85:65:85,4,45,0:1:0:0:0:0,165,234
234,Smeargle,0,17,55:20:35:20:45:75,1,45,0:0:0:0:0:1,106,235
235,Tyrogue,6,17,35:35:35:35:35:35,2,75,0:1:0:0:0:0,91,236
236,Hitmontop,6,17,50:95:95:35:110:70,2,45,0:0:0:0:2:0,138,237
237,Smoochum,5,10,45:30:15:85:65:65,2,45,0:0:0:1:0:0,87,238
238,Elekid,3,17,45:63:37:65:55:95,2,45,0:0:0:0:0:1,106,239
239,Magby,1,17,45:75:37:70:55:83,2,45,0:0:0:0:0:1,117,240
240,Miltank,0,17,95:80:105:40:70:100,4,45,0:0:2:0:0:0,200,241
241,Blissey,0,17,255:10:10:75:135:55,1,30,3:0:0:0:0:0,255,242
242,Raikou,3,17,90:85:75:115:100:115,4,3,0:0:0:1:0:2,216,243
243,Entei,1,17,115:115:85:90:75:100,4,3,1:2:0:0:0:0,217,244
244,Suicune,2,17,100:75:115:90:115:85,4,3,0:0:1:0:2:0,215,245
245,Larvitar,12,8,50:64:50:45:50:41,4,45,0:1:0:0:0:0,67,246
246,Pupitar,12,8,70:84:70:65:70:51,4,45,0:2:0:0:0:0,144,247
247,Tyranitar,12,15,100:134:110:95:100:61,4,45,0:3:0:0:0:0,218,248
248,Lugia,10,9,106:90:130:90:154:110,4,3,0:0:0:0:3:0,220,249
249,Ho-oh,1,9,106:130:90:110:154:90,4,3,0:0:0:0:3:0,220,250
250,Celebi,10,4,100:100:100:100:100:100,3,45,3:0:0:0:0:0,64,251
251,Treecko,4,17,40:45:35:65:55:70,3,45,0:0:0:0:0:1,65,252
252,Grovyle,4,17,50:65:45:85:65:95,3,45,0:0:0:0:0:2,141,253
253,Sceptile,4,17,70:85:65:105:85:120,3,45,0:0:0:0:0:3,208,254
254,Torchic,1,17,45:60:40:70:50:45,3,45,0:0:0:1:0:0,65,255
255,Combusken,1,6,60:85:60:85:60:55,3,45,0:1:0:1:0:0,142,256
256,Blaziken,1,6,80:120:70:110:70:80,3,45,0:3:0:0:0:0,209,257
257,Mudkip,2,17,50:70:50:50:50:40,3,45,0:1:0:0:0:0,65,258
258,Marshtomp,2,8,70:85:70:60:70:50,3,45,0:2:0:0:0:0,143,259
259,Swampert,2,8,100:110:90:85:90:60,3,45,0:3:0:0:0:0,210,260
260,Poochyena,15,17,35:55:35:30:30:35,2,255,0:1:0:0:0:0,55,261
261,Mightyena,15,17,70:90:70:60:60:70,2,127,0:2:0:0:0:0,128,262
262,Zigzagoon,0,17,38:30:41:30:41:60,2,255,0:0:0:0:0:1,60,263
263,Linoone,0,17,78:70:61:50:61:100,2,90,0:0:0:0:0:2,128,264
264,Wurmple,11,17,45:45:35:20:30:20,2,255,1:0:0:0:0:0,54,265
265,Silcoon,11,17,50:35:55:25:25:15,2,120,0:0:2:0:0:0,72,266
266,Beautifly,11,9,60:70:50:90:50:65,2,45,0:0:0:3:0:0,161,267
267,Cascoon,11,17,50:35:55:25:25:15,2,120,0:0:2:0:0:0,72,268
268,Dustox,11,7,60:50:70:50:90:65,2,45,0:0:0:0:3:0,161,269
269,Lotad,2,4,40:30:30:40:50:30,3,255,0:0:0:0:1:0,74,270
270,Lombre,2,4,60:50:50:60:70:50,3,120,0:0:0:0:2:0,141,271
271,Ludicolo,2,4,80:70:70:90:100:70,3,45,0:0:0:0:3:0,181,272
272,Seedot,4,17,40:40:50:30:30:30,3,255,0:0:1:0:0:0,74,273
273,Nuzleaf,4,15,70:70:40:60:40:60,3,120,0:2:0:0:0:0,141,274
274,Shiftry,4,15,90:100:60:90:60:80,3,45,0:3:0:0:0:0,181,275
275,Taillow,0,9,40:55:30:30:30:85,3,200,0:0:0:0:0:1,59,276
276,Swellow,0,9,60:85:60:50:50:125,3,45,0:0:0:0:0:2,162,277
277,Wingull,2,9,40:30:30:55:30:85,2,190,0:0:0:0:0:1,64,278
278,Pelipper,2,9,60:50:100:85:70:65,2,45,0:0:2:0:0:0,164,279
279,Ralts,10,17,28:25:25:45:35:40,4,235,0:0:0:1:0:0,70,280
280,Kirlia,10,17,38:35:35:65:55:50,4,120,0:0:0:2:0:0,140,281
281,Gardevoir,10,17,68:65:65:125:115:80,4,45,0:0:0:3:0:0,208,282
282,Surskit,11,2,40:30:32:50:52:65,2,200,0:0:0:0:0:1,63,283
283,Masquerain,11,9,70:60:62:80:82:60,2,75,0:0:0:1:1:0,128,284
284,Shroomish,4,17,60:40:60:40:60:35,5,255,1:0:0:0:0:0,65,285
285,Breloom,4,6,60:130:80:60:60:70,5,90,0:2:0:0:0:0,165,286
286,Slakoth,0,17,60:60:60:35:35:30,4,255,1:0:0:0:0:0,83,287
287,Vigoroth,0,17,80:80:80:55:55:90,4,120,0:0:0:0:0:2,126,288
288,Slaking,0,17,150:160:100:95:65:100,4,45,3:0:0:0:0:0,210,289
289,Nincada,11,8,31:45:90:30:30:40,0,255,0:0:1:0:0:0,65,290
290,Ninjask,11,9,61:90:45:50:50:160,0,120,0:0:0:0:0:2,155,291
291,Shedinja,11,13,1:90:45:30:30:40,0,45,2:0:0:0:0:0,95,292
292,Whismur,0,17,64:51:23:51:23:28,3,190,1:0:0:0:0:0,68,293
293,Loudred,0,17,84:71:43:71:43:48,3,120,2:0:0:0:0:0,126,294
294,Exploud,0,17,104:91:63:91:63:68,3,45,3:0:0:0:0:0,184,295
295,Makuhita,6,17,72:60:30:20:30:25,5,180,1:0:0:0:0:0,87,296
296,Hariyama,6,17,144:120:60:40:60:50,5,200,2:0:0:0:0:0,184,297
297,Azurill,0,17,50:20:40:20:40:20,1,150,1:0:0:0:0:0,33,298
298,Nosepass,12,17,30:45:135:45:90:30,2,255,0:0:1:0:0:0,108,299
299,Skitty,0,17,50:45:45:35:35:50,1,255,0:0:0:0:0:1,65,300
300,Delcatty,0,17,70:65:65:55:55:70,1,60,1:0:0:0:0:1,138,301
301,Sableye,15,13,50:75:75:65:65:50,3,45,0:1:1:0:0:0,98,302
302,Mawile,16,17,50:85:85:55:55:50,1,45,0:1:1:0:0:0,98,303
303,Aron,16,12,50:70:100:40:40:30,4,180,0:0:1:0:0:0,96,304
304,Lairon,16,12,60:90:140:50:50:40,4,90,0:0:2:0:0:0,152,305
305,Aggron,16,12,70:110:180:60:60:50,4,45,0:0:3:0:0:0,205,306
306,Meditite,6,10,30:40:55:40:55:60,2,180,0:0:0:0:0:1,91,307
307,Medicham,6,10,60:60:75:60:75:80,2,90,0:0:0:0:0:2,153,308
308,Electrike,3,17,40:45:40:65:40:65,4,120,0:0:0:0:0:1,104,309
309,Manectric,3,17,70:75:60:105:60:105,4,45,0:0:0:0:0:2,168,310
310,Plusle,3,17,60:50:40:85:75:95,2,200,0:0:0:0:0:1,120,311
311,Minun,3,17,60:40:50:75:85:95,2,200,0:0:0:0:0:1,120,312
312,Volbeat,11,17,65:73:55:47:75:85,0,150,0:0:0:0:0:1,146,313
313,Illumise,11,17,65:47:55:73:75:85,5,150,0:0:0:0:0:1,146,314
314,Roselia,4,7,50:60:45:100:80:65,3,150,0:0:0:2:0:0,152,315
315,Gulpin,7,17,70:43:53:43:53:40,5,225,1:0:0:0:0:0,75,316
316,Swalot,7,17,100:73:83:73:83:55,5,75,2:0:0:0:0:0,168,317
317,Carvanha,2,15,45:90:20:65:20:65,4,225,0:1:0:0:0:0,88,318
318,Sharpedo,2,15,70:120:40:95:40:95,4,60,0:2:0:0:0:0,175,319
319,Wailmer,2,17,130:70:35:70:35:60,5,125,1:0:0:0:0:0,137,320
320,Wailord,2,17,170:90:45:90:45:60,5,60,2:0:0:0:0:0,206,321
321,Numel,1,8,60:60:40:65:45:35,2,255,0:0:0:1:0:0,88,322
322,Camerupt,1,8,70:100:70:105:75:40,2,150,0:1:0:1:0:0,175,323
323,Torkoal,1,17,70:85:140:85:70:20,2,90,0:0:2:0:0:0,161,324
324,Spoink,10,17,60:25:35:70:80:60,1,255,0:0:0:0:1:0,89,325
325,Grumpig,10,17,80:45:65:90:110:80,1,60,0:0:0:0:2:0,164,326
326,Spinda,0,17,60:60:60:60:60:60,1,255,0:0:0:1:0:0,85,327
327,Trapinch,8,17,45:100:45:45:45:10,3,255,0:1:0:0:0:0,73,328
328,Vibrava,8,14,50:70:50:50:50:70,3,120,0:1:0:0:0:1,126,329
329,Flygon,8,14,80:100:80:80:80:100,3,45,0:1:0:0:0:2,197,330
330,Cacnea,4,17,50:85:40:85:40:35,3,190,0:0:0:1:0:0,97,331
331,Cacturne,4,15,70:115:60:115:60:55,3,60,0:1:0:1:0:0,177,332
332,Swablu,0,9,45:40:60:40:75:50,0,255,0:0:0:0:1:0,74,333
333,Altaria,14,9,75:70:90:70:105:80,0,45,0:0:0:0:2:0,188,334
334,Zangoose,0,17,73:115:60:60:60:90,0,90,0:2:0:0:0:0,165,335
335,Seviper,7,17,73:100:60:100:60:65,5,90,0:1:0:1:0:0,165,336
336,Lunatone,12,10,70:55:65:95:85:70,1,45,0:0:0:2:0:0,150,337
337,Solrock,12,10,70:95:85:55:65:70,1,45,0:2:0:0:0:0,150,338
338,Barboach,2,8,50:48:43:46:41:60,2,190,1:0:0:0:0:0,92,339
339,Whiscash,2,8,110:78:73:76:71:60,2,75,2:0:0:0:0:0,158,340
340,Corphish,2,17,43:80:65:50:35:35,5,205,0:1:0:0:0:0,111,341
341,Crawdaunt,2,15,63:120:85:90:55:55,5,155,0:2:0:0:0:0,161,342
342,Baltoy,8,10,40:40:55:40:70:55,2,255,0:0:0:0:1:0,58,343
343,Claydol,8,10,60:70:105:70:120:75,2,90,0:0:0:0:2:0,189,344
344,Lileep,12,4,66:41:77:61:87:23,0,45,0:0:0:0:1:0,99,345
345,Cradily,12,4,86:81:97:81:107:43,0,45,0:0:0:0:2:0,199,346
346,Anorith,12,11,45:95:50:40:50:75,0,45,0:1:0:0:0:0,99,347
347,Armaldo,12,11,75:125:100:70:80:45,0,45,0:2:0:0:0:0,199,348
348,Feebas,2,17,20:15:20:10:55:80,0,255,0:0:0:0:0:1,61,349
349,Milotic,2,17,95:60:79:100:125:81,0,60,0:0:0:0:2:0,213,350
350,Castform,0,17,70:70:70:70:70:70,2,45,1:0:0:0:0:0,145,351
351,Kecleon,0,17,60:90:70:60:120:40,3,200,0:0:0:0:1:0,132,352
352,Shuppet,13,17,44:75:35:63:33:45,1,225,0:1:0:0:0:0,97,353
353,Banette,13,17,64:115:65:83:63:65,1,45,0:2:0:0:0:0,179,354
354,Duskull,13,17,20:40:90:30:90:25,1,190,0:0:0:0:1:0,97,355
355,Dusclops,13,17,40:70:130:60:130:25,1,90,0:0:1:0:1:0,179,356
356,Tropius,4,9,99:68:83:72:87:51,4,200,2:0:0:0:0:0,169,357
357,Chimecho,10,17,65:50:70:95:80:65,1,45,0:0:0:1:1:0,147,358
358,Absol,15,17,65:130:60:75:60:75,3,30,0:2:0:0:0:0,174,359
359,Wynaut,10,17,95:23:48:23:48:23,2,125,1:0:0:0:0:0,44,360
360,Snorunt,5,17,50:50:50:50:50:50,2,190,1:0:0:0:0:0,74,361
361,Glalie,5,17,80:80:80:80:80:80,2,75,2:0:0:0:0:0,187,362
362,Spheal,5,2,70:40:50:55:50:25,3,255,1:0:0:0:0:0,75,363
363,Sealeo,5,2,90:60:70:75:70:45,3,120,2:0:0:0:0:0,128,364
364,Walrein,5,2,110:80:90:95:90:65,3,45,3:0:0:0:0:0,192,365
365,Clamperl,2,17,35:64:85:74:55:32,0,255,0:0:1:0:0:0,142,366
366,Huntail,2,17,55:104:105:94:75:52,0,60,0:1:1:0:0:0,178,367
367,Gorebyss,2,17,55:84:105:114:75:52,0,60,0:0:0:2:0:0,178,368
368,Relicanth,2,12,100:90:130:45:65:55,4,25,1:0:1:0:0:0,198,369
369,Luvdisc,2,17,43:30:55:40:65:97,1,225,0:0:0:0:0:1,110,370
370,Bagon,14,17,45:75:60:40:30:50,4,45,0:1:0:0:0:0,89,371
371,Shelgon,14,17,65:95:100:60:50:50,4,45,0:0:2:0:0:0,144,372
372,Salamence,14,9,95:135:80:110:80:100,4,45,0:3:0:0:0:0,218,373
373,Beldum,16,10,40:55:80:35:60:30,4,3,0:0:1:0:0:0,103,374
374,Metang,16,10,60:75:100:55:80:50,4,3,0:0:2:0:0:0,153,375
375,Metagross,16,10,80:135:130:95:90:70,4,3,0:0:3:0:0:0,210,376
376,Regirock,12,17,80:100:200:50:100:50,4,3,0:0:3:0:0:0,217,377
377,Regice,5,17,80:50:100:100:200:50,4,3,0:0:0:0:3:0,216,378
378,Registeel,16,17,80:75:150:75:150:50,4,3,0:0:2:0:1:0,215,379
379,Latias,14,10,80:80:90:110:130:110,4,3,0:0:0:0:3:0,211,380
380,Latios,14,10,80:90:80:130:110:110,4,3,0:0:0:3:0:0,211,381
381,Kyogre,2,17,100:100:90:150:140:90,4,5,0:0:0:3:0:0,218,382
382,Groudon,8,17,100:150:140:100:90:90,4,5,0:3:0:0:0:0,218,383
383,Rayquaza,14,9,105:150:90:150:90:95,4,3,0:2:0:1:0:0,220,384
384,Jirachi,16,10,100:100:100:100:100:100,4,3,3:0:0:0:0:0,215,385
385,Deoxys (N),10,17,50:150:50:150:50:150,4,3,0:1:0:1:0:1,215,386-normal
386,Deoxys (A),10,17,50:180:20:180:20:150,4,3,0:2:0:1:0:0,215,386-attack
387,Deoxys (D),10,17,50:70:160:70:160:90,4,3,0:0:2:0:1:0,215,386-defense
388,Deoxys (S),10,17,50:95:90:95:90:180,4,3,0:0:0:0:0:3,215,386-speed
389,Turtwig,4,17,55:68:64:45:55:31,3,45,0:1:0:0:0:0,64,387
390,Grotle,4,17,75:89:85:55:65:36,3,45,0:1:1:0:0:0,141,388
391,Torterra,4,8,95:109:105:75:85:56,3,45,0:2:1:0:0:0,208,389
392,Chimchar,1,17,44:58:44:58:44:61,3,45,0:0:0:0:0:1,65,390
393,Monferno,1,6,64:78:52:78:52:81,3,45,0:0:0:1:0:1,142,391
394,Infernape,1,6,76:104:71:104:71:108,3,45,0:1:0:1:0:1,209,392
395,Piplup,2,17,53:51:53:61:56:40,3,45,0:0:0:1:0:0,66,393
396,Prinplup,2,17,64:66:68:81:76:50,3,45,0:0:0:2:0:0,143,394
397,Empoleon,2,16,84:86:88:111:101:60,3,45,0:0:0:3:0:0,210,395
398,Starly,0,9,40:55:30:30:30:60,3,255,0:0:0:0:0:1,56,396
399,Staravia,0,9,55:75:50:40:40:80,3,120,0:0:0:0:0:2,113,397
400,Staraptor,0,9,85:120:70:50:50:100,3,45,0:3:0:0:0:0,172,398
401,Bidoof,0,17,59:45:40:35:40:31,2,255,1:0:0:0:0:0,58,399
402,Bibarel,0,2,79:85:60:60:71:55,2,127,0:2:0:0:0:0,116,400
403,Kricketot,11,17,37:25:41:25:41:25,3,255,0:0:1:0:0:0,54,401
404,Kricketune,11,17,77:85:51:55:51:65,3,45,0:2:0:0:0:0,159,402
405,Shinx,3,17,45:65:34:40:34:45,3,235,0:1:0:0:0:0,60,403
406,Luxio,3,17,60:85:49:60:49:60,3,120,0:2:0:0:0:0,117,404
407,Luxray,3,17,80:120:79:95:79:70,3,45,0:3:0:0:0:0,194,405
408,Budew,4,7,40:30:35:50:70:55,3,255,0:0:0:1:0:0,68,406
409,Roserade,4,7,60:70:55:125:105:90,3,75,0:0:0:3:0:0,204,407
410,Cranidos,12,17,67:125:40:30:30:58,0,45,0:1:0:0:0:0,99,408
411,Rampardos,12,17,97:165:60:65:50:58,0,45,0:2:0:0:0:0,199,409
412,Shieldon,12,16,30:42:118:42:88:30,0,45,0:0:1:0:0:0,99,410
413,Bastiodon,12,16,60:52:168:47:138:30,0,45,0:0:2:0:0:0,199,411
414,Burmy,11,17,40:29:45:29:45:36,2,120,0:0:0:0:1:0,61,412
415,Wormadam (P),11,4,60:59:85:79:105:36,2,45,0:0:0:0:2:0,159,413-plant
416,Wormadam (S),11,8,60:79:105:59:85:36,2,45,0:0:2:0:0:0,159,413-sandy
417,Wormadam (T),11,16,60:69:95:69:95:36,2,45,0:0:1:0:1:0,159,413-trash
418,Mothim,11,9,70:94:50:94:50:66,2,45,0:1:0:1:0:0,159,414
419,Combee,11,9,30:30:42:30:42:70,3,120,0:0:0:0:0:1,63,415
420,Vespiquen,11,9,70:80:102:80:102:40,3,45,0:0:1:0:1:0,188,416
421,Pachirisu,3,17,60:45:70:45:90:95,2,200,0:0:0:0:0:1,120,417
422,Buizel,2,17,55:65:35:60:30:85,2,190,0:0:0:0:0:1,75,418
423,Floatzel,2,17,85:105:55:85:50:115,2,75,0:0:0:0:0:2,178,419
424,Cherubi,4,17,45:35:45:62:53:35,2,190,0:0:0:1:0:0,68,420
425,Cherrim,4,17,70:60:70:87:78:85,2,75,0:0:0:2:0:0,133,421
426,Shellos,2,17,76:48:48:57:62:34,2,190,1:0:0:0:0:0,73,422
427,Gastrodon,2,8,111:83:68:92:82:39,2,75,2:0:0:0:0:0,176,423
428,Ambipom,0,17,75:100:66:60:66:115,1,45,0:0:0:0:0:2,186,424
429,Drifloon,13,9,90:50:34:60:44:70,5,125,1:0:0:0:0:0,127,425
430,Drifblim,13,9,150:80:44:90:54:80,5,60,2:0:0:0:0:0,204,426
431,Buneary,0,17,55:66:44:44:56:85,2,190,0:0:0:0:0:1,84,427
432,Lopunny,0,17,65:76:84:54:96:105,2,60,0:0:0:0:0:2,178,428
433,Mismagius,13,17,60:60:60:105:105:105,1,45,0:0:0:1:1:0,187,429
434,Honchkrow,15,9,100:125:52:105:52:71,3,30,0:2:0:0:0:0,187,430
435,Glameow,0,17,49:55:42:42:37:85,1,190,0:0:0:0:0:1,71,431
436,Purugly,0,17,71:82:64:64:59:112,1,75,0:0:0:0:0:2,183,432
437,Chingling,10,17,45:30:50:65:50:45,1,120,0:0:0:1:0:0,74,433
438,Stunky,7,15,63:63:47:41:41:74,2,225,0:0:0:0:0:1,79,434
439,Skuntank,7,15,103:93:67:71:61:84,2,60,2:0:0:0:0:0,209,435
440,Bronzor,16,10,57:24:86:24:86:23,2,255,0:0:1:0:0:0,72,436
441,Bronzong,16,10,67:89:116:79:116:33,2,90,0:0:1:0:1:0,188,437
442,Bonsly,12,17,50:80:95:10:45:10,2,255,0:0:1:0:0:0,68,438
443,Mime Jr.,10,17,20:25:45:70:90:60,2,145,0:0:0:0:1:0,78,439
444,Happiny,0,17,100:5:5:15:65:30,1,130,1:0:0:0:0:0,255,440
445,Chatot,0,9,76:65:45:92:42:91,3,30,0:1:0:0:0:0,107,441
446,Spiritomb,13,15,50:92:108:92:108:35,2,100,0:0:1:0:1:0,168,442
447,Gible,14,8,58:70:45:40:45:42,4,45,0:1:0:0:0:0,67,443
448,Gabite,14,8,68:90:65:50:55:82,4,45,0:2:0:0:0:0,144,444
449,Garchomp,14,8,108:130:95:80:85:102,4,45,0:3:0:0:0:0,218,445
450,Munchlax,0,17,135:85:40:40:85:5,4,50,1:0:0:0:0:0,94,446
451,Riolu,6,17,40:70:40:35:40:60,3,75,0:1:0:0:0:0,72,447
452,Lucario,6,16,70:110:70:115:70:90,3,45,0:1:0:1:0:0,204,448
453,Hippopotas,8,17,68:72:78:38:42:32,4,140,0:0:1:0:0:0,95,449
454,Hippowdon,8,17,108:112:118:68:72:47,4,60,0:0:2:0:0:0,198,450
455,Skorupi,7,11,40:50:90:30:55:65,4,120,0:0:1:0:0:0,114,451
456,Drapion,7,15,70:90:110:60:75:95,4,45,0:0:2:0:0:0,204,452
457,Croagunk,7,6,48:61:40:61:40:50,2,140,0:1:0:0:0:0,83,453
458,Toxicroak,7,6,83:106:65:86:65:85,2,75,0:2:0:0:0:0,181,454
459,Carnivine,4,17,74:100:72:90:72:46,4,200,0:2:0:0:0:0,164,455
460,Finneon,2,17,49:49:56:49:61:66,0,190,0:0:0:0:0:1,90,456
461,Lumineon,2,17,69:69:76:69:86:91,0,75,0:0:0:0:0:2,156,457
462,Mantyke,2,9,45:20:50:60:120:50,4,25,0:0:0:0:1:0,108,458
463,Snover,5,4,60:62:50:62:60:40,4,120,0:1:0:0:0:0,131,459
464,Abomasnow,5,4,90:92:75:92:85:60,4,60,0:1:0:1:0:0,214,460
465,Weavile,15,5,70:120:65:45:85:125,3,45,0:1:0:0:0:1,199,461
466,Magnezone,3,16,70:70:115:130:90:60,2,30,0:0:0:3:0:0,211,462
467,Lickilicky,0,17,110:85:95:80:95:50,2,30,3:0:0:0:0:0,193,463
468,Rhyperior,8,12,115:140:130:55:55:40,4,30,0:3:0:0:0:0,217,464
469,Tangrowth,4,17,100:100:125:110:50:50,2,30,0:0:2:0:0:0,211,465
470,Electivire,3,17,75:123:67:95:85:95,2,30,0:3:0:0:0:0,199,466
471,Magmortar,1,17,75:95:67:125:95:83,2,30,0:0:0:3:0:0,199,467
472,Togekiss,0,9,85:50:95:120:115:80,1,30,0:0:0:2:1:0,220,468
473,Yanmega,11,9,86:76:86:116:56:95,2,30,0:2:0:0:0:0,198,469
474,Leafeon,4,17,65:110:130:60:65:95,2,45,0:0:2:0:0:0,196,470
475,Glaceon,5,17,65:60:110:130:95:65,2,45,0:0:0:2:0:0,196,471
476,Gliscor,8,9,75:95:125:45:75:95,3,30,0:0:2:0:0:0,192,472
477,Mamoswine,5,8,110:130:80:70:60:80,4,50,0:3:0:0:0:0,207,473
478,Porygon-Z,0,17,85:80:70:135:75:90,2,30,0:0:0:3:0:0,185,474
479,Gallade,10,6,68:125:65:65:115:80,4,45,0:3:0:0:0:0,208,475
480,Probopass,12,16,60:55:145:75:150:40,2,60,0:0:1:0:2:0,198,476
481,Dusknoir,13,17,45:100:135:65:135:45,1,45,0:0:1:0:2:0,210,477
482,Froslass,5,13,70:80:70:80:70:110,2,75,0:0:0:0:0:2,187,478
483,Rotom,3,13,50:50:77:95:77:91,2,45,0:0:0:1:0:1,132,479
484,Rotom (Heat),3,1,50:65:107:105:107:86,2,45,0:0:0:1:0:1,132,479-heat
485,Rotom (Wash),3,2,50:65:107:105:107:86,2,45,0:0:0:1:0:1,132,479-wash
486,Rotom (Frost),3,5,50:65:107:105:107:86,2,45,0:0:0:1:0:1,132,479-frost
487,Rotom (Spin),3,9,50:65:107:105:107:86,2,45,0:0:0:1:0:1,132,479-fan
488,Rotom (Cut),3,4,50:65:107:105:107:86,2,45,0:0:0:1:0:1,132,479-mow
489,Uxie,10,17,75:75:130:75:130:95,4,3,0:0:2:0:1:0,210,480
490,Mesprit,10,17,80:105:105:105:105:80,4,3,0:1:0:1:1:0,210,481
491,Azelf,10,17,75:125:70:125:70:115,4,3,0:2:0:1:0:0,210,482
492,Dialga,16,14,100:120:120:150:100:90,4,30,0:0:0:3:0:0,220,483
493,Palkia,2,14,90:120:100:150:120:100,4,30,0:0:0:3:0:0,220,484
494,Heatran,1,16,91:90:106:130:106:77,4,3,0:0:0:3:0:0,215,485
495,Regigigas,0,17,110:160:110:80:110:100,4,3,0:3:0:0:0:0,220,486
496,Giratina,13,14,150:100:120:100:120:90,4,3,3:0:0:0:0:0,220,487
497,Giratina (O),13,14,150:120:100:120:100:90,4,3,3:0:0:0:0:0,220,487-origin
498,Cresselia,10,17,120:70:120:75:130:85,4,3,0:0:0:0:3:0,210,488
499,Phione,2,17,80:80:80:80:80:80,4,30,1:0:0:0:0:0,165,489
500,Manaphy,2,17,100:100:100:100:100:100,4,3,3:0:0:0:0:0,215,490
501,Darkrai,15,17,70:90:90:135:90:125,4,3,0:0:0:2:0:1,210,491
502,Shaymin,4,17,100:100:100:100:100:100,3,45,3:0:0:0:0:0,64,492
503,Shaymin (S),4,9,100:103:75:120:75:127,3,45,0:0:0:0:0:3,64,492-sky
504,Arceus,0,17,120:120:120:120:120:120,4,3,3:0:0:0:0:0,255,493
505,Victini,10,1,100:100:100:100:100:100,4,3,3:0:0:0:0:0,270,494
506,Snivy,4,17,45:45:55:45:55:63,3,45,0:0:0:0:0:1,28,495
507,Servine,4,17,60:60:75:60:75:83,3,45,0:0:0:0:0:2,145,496
508,Serperior,4,17,75:75:95:75:95:113,3,45,0:0:0:0:0:3,238,497
509,Tepig,1,17,65:63:45:45:45:45,3,45,1:0:0:0:0:0,28,498
510,Pignite,1,6,90:93:55:70:55:55,3,45,0:2:0:0:0:0,146,499
511,Emboar,1,6,110:123:65:100:65:65,3,45,0:3:0:0:0:0,238,500
512,Oshawott,2,17,55:55:45:63:45:45,3,45,0:0:0:1:0:0,28,501
513,Dewott,2,17,75:75:60:83:60:60,3,45,0:0:0:2:0:0,145,502
514,Samurott,2,17,95:100:85:108:70:70,3,45,0:0:0:3:0:0,238,503
515,Patrat,0,17,45:55:39:35:39:42,2,255,0:1:0:0:0:0,51,504
516,Watchog,0,17,60:85:69:60:69:77,2,255,0:2:0:0:0:0,147,505
517,Lillipup,0,17,45:60:45:25:45:55,3,255,0:1:0:0:0:0,55,506
518,Herdier,0,17,65:80:65:35:65:60,3,120,0:2:0:0:0:0,130,507
519,Stoutland,0,17,85:100:90:45:90:80,3,45,0:3:0:0:0:0,221,508
520,Purrloin,15,17,41:50:37:50:37:66,2,255,0:0:0:0:0:1,56,509
521,Liepard,15,17,64:88:50:88:50:106,2,90,0:0:0:0:0:2,156,510
522,Pansage,4,17,50:53:48:53:48:64,2,190,0:0:0:0:0:1,63,511
523,Simisage,4,17,75:98:63:98:63:101,2,75,0:0:0:0:0:2,174,512
524,Pansear,1,17,50:53:48:53:48:64,2,190,0:0:0:0:0:1,63,513
525,Simisear,1,17,75:98:63:98:63:101,2,75,0:0:0:0:0:2,174,514
526,Panpour,2,17,50:53:48:53:48:64,2,190,0:0:0:0:0:1,63,515
527,Simipour,2,17,75:98:63:98:63:101,2,75,0:0:0:0:0:2,174,516
528,Munna,10,17,76:25:45:67:55:24,1,190,1:0:0:0:0:0,58,517
529,Musharna,10,17,116:55:85:107:95:29,1,75,2:0:0:0:0:0,170,518
530,Pidove,0,9,50:55:50:36:30:43,3,255,0:1:0:0:0:0,53,519
531,Tranquill,0,9,62:77:62:50:42:65,3,120,0:2:0:0:0:0,125,520
532,Unfezant,0,9,80:105:80:65:55:93,3,45,0:3:0:0:0:0,215,521
533,Blitzle,3,17,45:60:32:50:32:76,2,190,0:0:0:0:0:1,59,522
534,Zebstrika,3,17,75:100:63:80:63:116,2,75,0:0:0:0:0:2,174,523
535,Roggenrola,12,17,55:75:85:25:25:15,3,255,0:0:1:0:0:0,56,524
536,Boldore,12,17,70:105:105:50:40:20,3,120,0:1:1:0:0:0,137,525
537,Gigalith,12,17,85:135:130:60:70:25,3,45,0:3:0:0:0:0,227,526
538,Woobat,10,9,55:45:43:55:43:72,2,190,0:0:0:0:0:1,63,527
539,Swoobat,10,9,67:57:55:77:55:114,2,45,0:0:0:0:0:2,149,528
540,Drilbur,8,17,60:85:40:30:45:68,2,120,0:1:0:0:0:0,66,529
541,Excadrill,8,16,110:135:60:50:65:88,2,60,0:2:0:0:0:0,178,530
542,Audino,0,17,103:60:86:60:86:50,1,255,2:0:0:0:0:0,390,531
543,Timburr,6,17,75:80:55:25:35:35,3,180,0:1:0:0:0:0,61,532
544,Gurdurr,6,17,85:105:85:40:50:40,3,90,0:2:0:0:0:0,142,533
545,Conkeldurr,6,17,105:140:95:55:65:45,3,45,0:3:0:0:0:0,227,534
546,Tympole,2,17,50:50:40:50:40:64,3,255,0:0:0:0:0:1,59,535
547,Palpitoad,2,8,75:65:55:65:55:69,3,120,2:0:0:0:0:0,134,536
548,Seismitoad,2,8,105:85:75:85:75:74,3,45,3:0:0:0:0:0,225,537
549,Throh,6,17,120:100:85:30:85:45,2,45,2:0:0:0:0:0,163,538
550,Sawk,6,17,75:125:75:30:75:85,2,45,0:2:0:0:0:0,163,539
551,Sewaddle,11,4,45:53:70:40:60:42,3,255,0:0:1:0:0:0,62,540
552,Swadloon,11,4,55:63:90:50:80:42,3,120,0:0:2:0:0:0,133,541
553,Leavanny,11,4,75:103:80:70:70:92,3,45,0:3:0:0:0:0,221,542
554,Venipede,11,7,30:45:59:30:39:57,3,255,0:0:1:0:0:0,52,543
555,Whirlipede,11,7,40:55:99:40:79:47,3,120,0:0:2:0:0:0,126,544
556,Scolipede,11,7,60:90:89:55:69:112,3,45,0:0:0:0:0:3,214,545
557,Cottonee,4,17,40:27:60:37:50:66,2,190,0:0:0:0:0:1,56,546
558,Whimsicott,4,17,60:67:85:77:75:116,2,75,0:0:0:0:0:2,168,547
559,Petilil,4,17,45:35:50:70:50:30,2,190,0:0:0:1:0:0,56,548
560,Lilligant,4,17,70:60:75:110:75:90,2,75,0:0:0:2:0:0,168,549
561,Basculin,2,17,70:92:65:80:55:98,2,25,0:0:0:0:0:2,161,550
562,Sandile,8,15,50:72:35:35:35:65,3,180,0:1:0:0:0:0,58,551
563,Krokorok,8,15,60:82:45:45:45:74,3,90,0:2:0:0:0:0,123,552
564,Krookodile,8,15,95:117:70:65:70:92,3,45,0:3:0:0:0:0,229,553
565,Darumaka,1,17,70:90:45:15:45:50,3,120,0:1:0:0:0:0,63,554
566,Darmanitan,1,17,105:140:55:30:55:95,3,60,0:2:0:0:0:0,168,555
567,Darmanitan (Z),1,10,105:30:105:140:105:55,3,60,0:0:0:2:0:0,189,555-zen
568,Maractus,4,17,75:86:67:106:67:60,2,255,0:0:0:2:0:0,161,556
569,Dwebble,11,12,50:65:85:35:35:55,2,190,0:0:1:0:0:0,65,557
570,Crustle,11,12,70:95:125:65:75:45,2,75,0:0:2:0:0:0,166,558
571,Scraggy,15,6,50:75:70:35:70:48,2,180,0:1:0:0:0:0,70,559
572,Scrafty,15,6,65:90:115:45:115:58,2,90,0:0:1:0:1:0,171,560
573,Sigilyph,10,9,72:58:80:103:80:97,2,45,0:0:0:2:0:0,172,561
574,Yamask,13,17,38:30:85:55:65:30,2,190,0:0:1:0:0:0,61,562
575,Cofagrigus,13,17,58:50:145:95:105:30,2,90,0:0:2:0:0:0,169,563
576,Tirtouga,2,12,54:78:103:53:45:22,2,45,0:0:1:0:0:0,71,564
577,Carracosta,2,12,74:108:133:83:65:32,2,45,0:0:2:0:0:0,173,565
578,Archen,12,9,55:112:45:74:45:70,2,45,0:1:0:0:0:0,71,566
579,Archeops,12,9,75:140:65:112:65:110,2,45,0:2:0:0:0:0,177,567
580,Trubbish,7,17,50:50:62:40:62:65,2,190,0:0:0:0:0:1,66,568
581,Garbodor,7,17,80:95:92:60:82:75,2,60,0:2:0:0:0:0,166,569
582,Zorua,15,17,40:65:40:80:40:65,3,75,0:0:0:1:0:0,66,570
583,Zoroark,15,17,60:105:60:120:60:105,3,45,0:0:0:2:0:0,179,571
584,Minccino,0,17,55:50:40:40:40:75,1,255,0:0:0:0:0:1,60,572
585,Ciccino,0,17,75:95:60:65:60:115,1,60,0:0:0:0:0:2,165,573
586,Gothita,10,17,45:30:50:55:65:45,3,200,0:0:0:0:1:0,58,574
587,Gothorita,10,17,60:45:70:75:85:55,3,100,0:0:0:0:2:0,137,575
588,Gothitelle,10,17,70:55:95:95:110:65,3,50,0:0:0:0:3:0,221,576
589,Solosis,10,17,45:30:40:105:50:20,3,200,0:0:0:1:0:0,58,577
590,Duosion,10,17,65:40:50:125:60:30,3,100,0:0:0:2:0:0,130,578
591,Reuniclus,10,17,110:65:75:125:85:30,3,50,0:0:0:3:0:0,221,579
592,Ducklett,2,9,62:44:50:44:50:55,2,190,1:0:0:0:0:0,61,580
593,Swanna,2,9,75:87:63:87:63:98,2,45,0:0:0:0:0:2,166,581
594,Vanillite,5,17,36:50:50:65:60:44,2,255,0:0:0:1:0:0,61,582
595,Vanillish,5,17,51:65:65:80:75:59,2,120,0:0:0:2:0:0,138,583
596,Vanilluxe,5,17,71:95:85:110:95:79,2,45,0:0:0:3:0:0,241,584
597,Deerling,0,4,60:60:50:40:50:75,2,190,0:0:0:0:0:1,67,585
598,Sawsbuck,0,4,80:100:70:60:70:95,2,75,0:2:0:0:0:0,166,586
599,Emolga,3,9,55:75:60:75:60:103,2,200,0:0:0:0:0:2,150,587
600,Karrablast,11,17,50:75:45:40:45:60,2,200,0:1:0:0:0:0,63,588
601,Escavalier,11,16,70:135:105:60:105:20,2,75,0:2:0:0:0:0,173,589
602,Foongus,4,7,69:55:45:55:55:15,2,190,1:0:0:0:0:0,59,590
603,Amoonguss,4,7,114:85:70:85:80:30,2,75,2:0:0:0:0:0,162,591
604,Frillish,2,13,55:40:50:65:85:40,2,190,0:0:0:0:1:0,67,592
605,Jellicent,2,13,100:60:70:85:105:60,2,60,0:0:0:0:2:0,168,593
606,Alomomola,2,17,165:75:80:40:45:65,1,75,2:0:0:0:0:0,165,594
607,Joltik,11,3,50:47:50:57:50:65,2,190,0:0:0:0:0:1,64,595
608,Galvantula,11,3,70:77:60:97:60:108,2,75,0:0:0:0:0:2,165,596
609,Ferroseed,4,16,44:50:91:24:86:10,2,255,0:0:1:0:0:0,61,597
610,Ferrothorn,4,16,74:94:131:54:116:20,2,90,0:0:2:0:0:0,171,598
611,Klink,16,17,40:55:70:45:60:30,3,130,0:0:1:0:0:0,60,599
612,Klang,16,17,60:80:95:70:85:50,3,60,0:0:2:0:0:0,154,600
613,Klinklang,16,17,60:100:115:70:85:90,3,30,0:0:3:0:0:0,234,601
614,Tynamo,3,17,35:55:40:45:40:60,4,190,0:0:0:0:0:1,55,602
615,Eelektrik,3,17,65:85:70:75:70:40,4,60,0:2:0:0:0:0,142,603
616,Eelektross,3,17,85:115:80:105:80:50,4,30,0:3:0:0:0:0,232,604
617,Elgyem,10,17,55:55:55:85:55:30,2,255,0:0:0:1:0:0,67,605
618,Beheeyem,10,17,75:75:75:125:95:40,2,90,0:0:0:2:0:0,170,606
619,Litwick,13,1,50:30:55:65:55:20,3,190,0:0:0:1:0:0,55,607
620,Lampent,13,1,60:40:60:95:60:55,3,90,0:0:0:2:0:0,130,608
621,Chandelure,13,1,60:55:90:145:90:80,3,45,0:0:0:3:0:0,234,609
622,Axew,14,17,46:87:60:30:40:57,4,75,0:1:0:0:0:0,64,610
623,Fraxure,14,17,66:117:70:40:50:67,4,60,0:2:0:0:0:0,144,611
624,Haxorus,14,17,76:147:90:60:70:97,4,45,0:3:0:0:0:0,243,612
625,Cubchoo,5,17,55:70:40:60:40:40,2,120,0:1:0:0:0:0,61,613
626,Beartic,5,17,95:110:80:70:80:50,2,60,0:2:0:0:0:0,170,614
627,Cryogonal,5,17,70:50:30:95:135:105,2,25,0:0:0:0:2:0,170,615
628,Shelmet,11,17,50:40:85:40:65:25,2,200,0:0:1:0:0:0,61,616
629,Accelgor,11,17,80:70:40:100:60:145,2,75,0:0:0:0:0:2,173,617
630,Stunfisk,8,3,109:66:84:81:99:32,2,75,2:0:0:0:0:0,165,618
631,Mienfoo,6,17,45:85:50:55:50:65,3,180,0:1:0:0:0:0,70,619
632,Mienshao,6,17,65:125:60:95:60:105,3,45,0:2:0:0:0:0,179,620
633,Druddigon,14,17,77:120:90:60:90:48,2,45,0:2:0:0:0:0,170,621
634,Golett,8,13,59:74:50:35:50:35,2,190,0:1:0:0:0:0,61,622
635,Golurk,8,13,89:124:80:55:80:55,2,90,0:2:0:0:0:0,169,623
636,Pawniard,15,16,45:85:70:40:40:60,2,120,0:1:0:0:0:0,68,624
637,Bisharp,15,16,65:125:100:60:70:70,2,45,0:2:0:0:0:0,172,625
638,Bouffalant,0,17,95:110:95:40:95:55,2,45,0:2:0:0:0:0,172,626
639,Rufflet,0,9,70:83:50:37:50:60,4,190,0:1:0:0:0:0,70,627
640,Braviary,0,9,100:123:75:57:75:80,4,60,0:2:0:0:0:0,179,628
641,Vullaby,15,9,70:55:75:45:65:60,4,190,0:0:1:0:0:0,74,629
642,Mandibuzz,15,9,110:65:105:55:95:80,4,60,0:0:0:2:0:0,179,630
643,Heatmor,1,17,85:97:66:105:66:65,2,90,0:0:0:2:0:0,169,631
644,Durant,11,16,58:109:112:48:48:109,2,90,0:0:2:0:0:0,169,632
645,Deino,15,14,52:65:50:45:50:38,4,45,0:1:0:0:0:0,60,633
646,Zweilous,15,14,72:85:70:65:70:58,4,45,0:2:0:0:0:0,147,634
647,Hydreigon,15,14,92:105:90:125:90:98,4,45,0:0:0:3:0:0,270,635
648,Larvesta,11,1,55:85:55:50:55:60,4,45,0:1:0:0:0:0,72,636
649,Volcarona,11,1,85:60:65:135:105:100,4,15,0:0:0:3:0:0,248,637
650,Cobalion,16,6,91:90:129:90:72:108,4,3,0:0:3:0:0:0,261,638
651,Terrakion,12,6,91:129:90:72:90:108,4,3,0:3:0:0:0:0,261,639
652,Virizion,4,6,91:90:72:90:129:108,4,3,0:0:0:0:3:0,261,640
653,Tornadus,9,17,79:115:70:125:80:111,4,3,0:3:0:0:0:0,261,641
654,Thundurus,3,9,79:115:70:125:80:111,4,3,0:3:0:0:0:0,261,642
655,Reshiram,14,1,100:120:100:150:120:90,4,45,0:0:0:3:0:0,306,643
656,Zekrom,14,3,100:150:120:120:100:90,4,45,0:3:0:0:0:0,306,644
657,Landorus,8,9,89:125:90:115:80:101,4,3,0:0:0:3:0:0,270,645
658,Kyurem,14,5,125:130:90:130:90:95,4,3,1:1:0:1:0:0,297,646
659,Keldeo,2,6,91:72:90:129:90:108,4,3,0:0:0:3:0:0,261,647
660,Meloetta (A),0,10,100:77:77:128:128:90,4,3,0:1:1:0:0:1,270,648
661,Meloetta (P),0,6,100:128:90:77:77:128,4,3,0:1:1:0:0:1,270,648-pirouette
662,Genesect,11,16,71:120:95:120:95:99,4,3,0:1:0:1:0:1,270,649
